{"cameraMode":{"drawMode":0,"name":"Shaded","section":"Shading Mode"},"sceneLighting":true,"audioPlay":false,"sceneViewState":{"showFog":true,"showMaterialUpdate":true,"showSkybox":true,"showFlares":true,"showImageEffects":true,"showParticleSystems":true},"in2DMode":false,"pivot":{"x":1.7179913520812989,"y":-0.16600379347801209,"z":0.8779745697975159},"rotation":{"x":-0.07478606700897217,"y":0.18733565509319306,"z":-0.014275554567575455,"w":-0.9793571829795837},"size":4.652004241943359,"orthographic":false}