{"cameraMode":{"drawMode":0,"name":"Shaded","section":"Shading Mode"},"sceneLighting":true,"audioPlay":false,"sceneViewState":{"showFog":true,"showMaterialUpdate":true,"showSkybox":true,"showFlares":true,"showImageEffects":true,"showParticleSystems":true},"in2DMode":false,"pivot":{"x":2.338893175125122,"y":0.10444601625204086,"z":1.571900486946106},"rotation":{"x":0.19858379662036897,"y":-0.4240041971206665,"z":0.09580419957637787,"w":0.8784283399581909},"size":3.285999059677124,"orthographic":false}