{"cameraMode":{"drawMode":0,"name":"Shaded","section":"Shading Mode"},"sceneLighting":true,"audioPlay":false,"sceneViewState":{"showFog":true,"showMaterialUpdate":true,"showSkybox":true,"showFlares":true,"showImageEffects":true,"showParticleSystems":true},"in2DMode":false,"pivot":{"x":2.465203285217285,"y":0.06704376637935639,"z":1.4240775108337403},"rotation":{"x":0.11644761264324188,"y":-0.8566336035728455,"z":0.22082173824310304,"w":0.45153674483299258},"size":2.3859992027282717,"orthographic":false}