{"cameraMode":{"drawMode":0,"name":"Shaded","section":"Shading Mode"},"sceneLighting":false,"audioPlay":false,"sceneViewState":{"showFog":true,"showMaterialUpdate":true,"showSkybox":false,"showFlares":true,"showImageEffects":true,"showParticleSystems":true},"in2DMode":false,"pivot":{"x":6.794284820556641,"y":1.242016077041626,"z":1.8842175006866456},"rotation":{"x":-0.07478606700897217,"y":0.18733565509319306,"z":-0.014275554567575455,"w":-0.9793571829795837},"size":0.58599853515625,"orthographic":false}