{"cameraMode":{"drawMode":0,"name":"Shaded","section":"Shading Mode"},"sceneLighting":true,"audioPlay":false,"sceneViewState":{"showFog":true,"showMaterialUpdate":true,"showSkybox":true,"showFlares":true,"showImageEffects":true,"showParticleSystems":true},"in2DMode":false,"pivot":{"x":-3.194915771484375,"y":1.3515193462371827,"z":1.9632511138916016},"rotation":{"x":-0.035998858511447909,"y":0.6657932996749878,"z":-0.032188523560762408,"w":-0.7445760369300842},"size":9.282792091369629,"orthographic":false}